flops,loss,accuracy,model_config
19513999360,0.7015237379074096,0.516,14x512
39841562496,0.707263032913208,0.497,14x512
60169125632,0.7041738786697388,0.482,14x512
