flops,loss,accuracy
19513999360,0.7008160333633423,0.514
39841562496,0.7044774260520935,0.495
60169125632,0.7028646192550659,0.502
