flops,loss,accuracy
166854656,0.7082925529479981,0.513
340688768,0.7116735444068909,0.473
