flops,loss,accuracy
31850496,0.7176675424575806,0.486
65036160,0.7021534419059754,0.497
98221824,0.7059613265991211,0.522
131407488,0.7044986095428467,0.478
