flops,loss,accuracy
166854656,0.7082925529479981,0.513
340688768,0.7116735444068909,0.473
514522880,0.7130470576286316,0.505
688356992,0.7068852615356446,0.477
